[{"circuitId": "bahrain", "url": "http://en.wikipedia.org/wiki/Bahrain_International_Circuit", "circuitName": "Bahrain International Circuit", "Location": {"lat": "26.0325", "long": "50.5106", "locality": "Sakhir", "country": "Bahrain"}}, {"circuitId": "catalunya", "url": "http://en.wikipedia.org/wiki/Circuit_de_Barcelona-Catalunya", "circuitName": "Circuit de Barcelona-Catalunya", "Location": {"lat": "41.57", "long": "2.26111", "locality": "Montmel\u00f3", "country": "Spain"}}, {"circuitId": "hungaroring", "url": "http://en.wikipedia.org/wiki/Hungaroring", "circuitName": "Hungaroring", "Location": {"lat": "47.5789", "long": "19.2486", "locality": "Budapest", "country": "Hungary"}}, {"circuitId": "imola", "url": "http://en.wikipedia.org/wiki/Autodromo_Enzo_e_Dino_Ferrari", "circuitName": "Autodromo Enzo e Dino Ferrari", "Location": {"lat": "44.3439", "long": "11.7167", "locality": "Imola", "country": "Italy"}}, {"circuitId": "istanbul", "url": "http://en.wikipedia.org/wiki/Istanbul_Park", "circuitName": "Istanbul Park", "Location": {"lat": "40.9517", "long": "29.405", "locality": "Istanbul", "country": "Turkey"}}, {"circuitId": "monza", "url": "http://en.wikipedia.org/wiki/Autodromo_Nazionale_Monza", "circuitName": "Autodromo Nazionale di Monza", "Location": {"lat": "45.6156", "long": "9.28111", "locality": "Monza", "country": "Italy"}}, {"circuitId": "mugello", "url": "http://en.wikipedia.org/wiki/Mugello_Circuit", "circuitName": "Autodromo Internazionale del Mugello", "Location": {"lat": "43.9975", "long": "11.3719", "locality": "Mugello", "country": "Italy"}}, {"circuitId": "nurburgring", "url": "http://en.wikipedia.org/wiki/N%C3%BCrburgring", "circuitName": "N\u00fcrburgring", "Location": {"lat": "50.3356", "long": "6.9475", "locality": "N\u00fcrburg", "country": "Germany"}}, {"circuitId": "portimao", "url": "http://en.wikipedia.org/wiki/Algarve_International_Circuit", "circuitName": "Aut\u00f3dromo Internacional do Algarve", "Location": {"lat": "37.227", "long": "-8.6267", "locality": "Portim\u00e3o", "country": "Portugal"}}, {"circuitId": "red_bull_ring", "url": "http://en.wikipedia.org/wiki/Red_Bull_Ring", "circuitName": "Red Bull Ring", "Location": {"lat": "47.2197", "long": "14.7647", "locality": "Spielburg", "country": "Austria"}}, {"circuitId": "silverstone", "url": "http://en.wikipedia.org/wiki/Silverstone_Circuit", "circuitName": "Silverstone Circuit", "Location": {"lat": "52.0786", "long": "-1.01694", "locality": "Silverstone", "country": "UK"}}, {"circuitId": "sochi", "url": "http://en.wikipedia.org/wiki/Sochi_Autodrom", "circuitName": "Sochi Autodrom", "Location": {"lat": "43.4057", "long": "39.9578", "locality": "Sochi", "country": "Russia"}}, {"circuitId": "spa", "url": "http://en.wikipedia.org/wiki/Circuit_de_Spa-Francorchamps", "circuitName": "Circuit de Spa-Francorchamps", "Location": {"lat": "50.4372", "long": "5.97139", "locality": "Spa", "country": "Belgium"}}, {"circuitId": "yas_marina", "url": "http://en.wikipedia.org/wiki/Yas_Marina_Circuit", "circuitName": "Yas Marina Circuit", "Location": {"lat": "24.4672", "long": "54.6031", "locality": "Abu Dhabi", "country": "UAE"}}]