[{"driverId": "albon", "permanentNumber": "23", "code": "ALB", "url": "http://en.wikipedia.org/wiki/Alexander_Albon", "givenName": "Alexander", "familyName": "Albon", "dateOfBirth": "1996-03-23", "nationality": "Thai"}, {"driverId": "bottas", "permanentNumber": "77", "code": "BOT", "url": "http://en.wikipedia.org/wiki/Valtteri_Bottas", "givenName": "Valtteri", "familyName": "Bottas", "dateOfBirth": "1989-08-28", "nationality": "Finnish"}, {"driverId": "gasly", "permanentNumber": "10", "code": "GAS", "url": "http://en.wikipedia.org/wiki/Pierre_Gasly", "givenName": "Pierre", "familyName": "Gasly", "dateOfBirth": "1996-02-07", "nationality": "French"}, {"driverId": "giovinazzi", "permanentNumber": "99", "code": "GIO", "url": "http://en.wikipedia.org/wiki/Antonio_Giovinazzi", "givenName": "Antonio", "familyName": "Giovinazzi", "dateOfBirth": "1993-12-14", "nationality": "Italian"}, {"driverId": "grosjean", "permanentNumber": "8", "code": "GRO", "url": "http://en.wikipedia.org/wiki/Romain_Grosjean", "givenName": "Romain", "familyName": "Grosjean", "dateOfBirth": "1986-04-17", "nationality": "French"}, {"driverId": "hamilton", "permanentNumber": "44", "code": "HAM", "url": "http://en.wikipedia.org/wiki/Lewis_Hamilton", "givenName": "Lewis", "familyName": "Hamilton", "dateOfBirth": "1985-01-07", "nationality": "British"}, {"driverId": "hulkenberg", "permanentNumber": "27", "code": "HUL", "url": "http://en.wikipedia.org/wiki/Nico_H%C3%BClkenberg", "givenName": "Nico", "familyName": "H\u00fclkenberg", "dateOfBirth": "1987-08-19", "nationality": "German"}, {"driverId": "kvyat", "permanentNumber": "26", "code": "KVY", "url": "http://en.wikipedia.org/wiki/Daniil_Kvyat", "givenName": "Daniil", "familyName": "Kvyat", "dateOfBirth": "1994-04-26", "nationality": "Russian"}, {"driverId": "latifi", "permanentNumber": "6", "code": "LAT", "url": "http://en.wikipedia.org/wiki/Nicholas_Latifi", "givenName": "Nicholas", "familyName": "Latifi", "dateOfBirth": "1995-06-29", "nationality": "Canadian"}, {"driverId": "leclerc", "permanentNumber": "16", "code": "LEC", "url": "http://en.wikipedia.org/wiki/Charles_Leclerc", "givenName": "Charles", "familyName": "Leclerc", "dateOfBirth": "1997-10-16", "nationality": "Monegasque"}, {"driverId": "kevin_magnussen", "permanentNumber": "20", "code": "MAG", "url": "http://en.wikipedia.org/wiki/Kevin_Magnussen", "givenName": "Kevin", "familyName": "Magnussen", "dateOfBirth": "1992-10-05", "nationality": "Danish"}, {"driverId": "norris", "permanentNumber": "4", "code": "NOR", "url": "http://en.wikipedia.org/wiki/Lando_Norris", "givenName": "Lando", "familyName": "Norris", "dateOfBirth": "1999-11-13", "nationality": "British"}, {"driverId": "ocon", "permanentNumber": "31", "code": "OCO", "url": "http://en.wikipedia.org/wiki/Esteban_Ocon", "givenName": "Esteban", "familyName": "Ocon", "dateOfBirth": "1996-09-17", "nationality": "French"}, {"driverId": "perez", "permanentNumber": "11", "code": "PER", "url": "http://en.wikipedia.org/wiki/Sergio_P%C3%A9rez", "givenName": "Sergio", "familyName": "P\u00e9rez", "dateOfBirth": "1990-01-26", "nationality": "Mexican"}, {"driverId": "raikkonen", "permanentNumber": "7", "code": "RAI", "url": "http://en.wikipedia.org/wiki/Kimi_R%C3%A4ikk%C3%B6nen", "givenName": "Kimi", "familyName": "R\u00e4ikk\u00f6nen", "dateOfBirth": "1979-10-17", "nationality": "Finnish"}, {"driverId": "ricciardo", "permanentNumber": "3", "code": "RIC", "url": "http://en.wikipedia.org/wiki/Daniel_Ricciardo", "givenName": "Daniel", "familyName": "Ricciardo", "dateOfBirth": "1989-07-01", "nationality": "Australian"}, {"driverId": "russell", "permanentNumber": "63", "code": "RUS", "url": "http://en.wikipedia.org/wiki/George_Russell_%28racing_driver%29", "givenName": "George", "familyName": "Russell", "dateOfBirth": "1998-02-15", "nationality": "British"}, {"driverId": "sainz", "permanentNumber": "55", "code": "SAI", "url": "http://en.wikipedia.org/wiki/Carlos_Sainz_Jr.", "givenName": "Carlos", "familyName": "Sainz", "dateOfBirth": "1994-09-01", "nationality": "Spanish"}, {"driverId": "stroll", "permanentNumber": "18", "code": "STR", "url": "http://en.wikipedia.org/wiki/Lance_Stroll", "givenName": "Lance", "familyName": "Stroll", "dateOfBirth": "1998-10-29", "nationality": "Canadian"}, {"driverId": "max_verstappen", "permanentNumber": "33", "code": "VER", "url": "http://en.wikipedia.org/wiki/Max_Verstappen", "givenName": "Max", "familyName": "Verstappen", "dateOfBirth": "1997-09-30", "nationality": "Dutch"}, {"driverId": "vettel", "permanentNumber": "5", "code": "VET", "url": "http://en.wikipedia.org/wiki/Sebastian_Vettel", "givenName": "Sebastian", "familyName": "Vettel", "dateOfBirth": "1987-07-03", "nationality": "German"}]